folder,case,ground_truth,ranked_services,rationale
adservice_f3,1,adservice,checkoutservice;paymentservice;emailservice;frontend;currencyservice;recommendationservice;productcatalogservice,"The 'checkoutservice' is the most likely root cause because it directly interacts with multiple critical components in the system such as processing orders (PlaceOrder) and therefore could introduce failure across numerous routes. Additionally, it links directly to the 'paymentservice' and 'emailservice', both of which handle essential functionalities for order completion. If the checkout process fails, the entire transaction flow will be disrupted."
adservice_f3,2,adservice,checkoutservice;currencyservice;paymentservice;emailservice;productcatalogservice;recommendationservice;frontend,"The checkoutservice is ranked highest because it is pivotal in the order placement process and directly interacts with multiple critical services (currencyservice, paymentservice, emailservice). Any failure in the checkoutservice can cascade through to payment processing, currency conversion, and email notifications, making it a likely root cause for issues in the transaction flow."
adservice_f3,3,adservice,checkoutservice;currencyservice;paymentservice;emailservice;productcatalogservice;recommendationservice;frontend,"The checkoutservice is the most likely root cause since it is directly involved in handling order placement, which often triggers downstream services like paymentservice, emailservice, and currencyservice. If there are issues during the checkout process such as inability to process payment or send email confirmations, these failures will stem from the checkoutservice."
adservice_f4,1,adservice,frontend;recommendationservice;productcatalogservice;checkoutservice;currencyservice;paymentservice;emailservice,"The most likely root cause is the 'frontend' service because the stack trace indicates a NullPointerException originating from a part of the code that relies on invoking a method related to collections. Since 'frontend' interacts with multiple services including 'recommendationservice' and 'productcatalogservice' to request data, if 'frontend' itself is not properly handling null responses or if it is expected to provide non-null data to these services, this could lead to the observed issue."
adservice_f4,2,adservice,productcatalogservice;recommendationservice;frontend;checkoutservice;currencyservice;paymentservice;emailservice,"The most likely root cause of the NullPointerException is the 'productcatalogservice'. The stack trace indicates that there was an attempt to obtain data (ads) and operate on it, which is often dependent on data fetched from the product catalog service. If this service returned null or malformed data (like a collection being null), it could cause the ArrayList.addAll() method to throw a NullPointerException. The next likely service is 'recommendationservice' as it interacts with the product catalog to list products which might also lead to a null data scenario."
adservice_f4,3,adservice,recommendationservice;productcatalogservice;checkoutservice;frontend;currencyservice;paymentservice;emailservice,"The top choice is the 'recommendationservice' because the stack trace indicates a NullPointerException when invoking a method related to ad services. Given that the recommendation service is the direct consumer of product recommendations, a failure in this service could lead it to provide null or empty data upstream to other services including the Ad service. Thus, it is crucial to check if the recommendation service is functioning correctly, as it could fail to return lists or appropriate data when queried."
adservice_f5,1,adservice,frontend;currencyservice;checkoutservice;paymentservice;recommendationservice;emailservice;productcatalogservice,"The most likely root cause is the 'frontend' service, as it is the entry point for the user requests and the first component in the dependency graph. The stack trace indicates a gRPC server binding issue, which typically occurs at the entry point where the service listens for incoming requests. The 'currencyservice' is another potential candidate since two services (frontend and checkoutservice) rely on it; thus, if it was misconfigured or down, it could lead to the cascading issue seen in the stack trace. Remaining services, while critical, are less likely to cause an immediate startup failure since they are downstream dependencies."
adservice_f5,2,adservice,frontend;checkoutservice;currencyservice;paymentservice;emailservice;recommendationservice;productcatalogservice,"The most likely root cause is the 'frontend' service because the stack trace indicates an issue with binding the server address, and this service is central to the architecture as it handles multiple outgoing requests to other services. If the frontend cannot bind, it affects the entire microservice interaction. Furthermore, as it is the entry point for user requests, any failure here can lead to systemic failures in other dependent services."
adservice_f5,3,adservice,frontend;checkoutservice;currencyservice;paymentservice;emailservice;productcatalogservice;recommendationservice,"The frontend service is the entry point for all user interactions in the system, making it the most critical area for ensuring connectivity and binding issues. Given the error indicates a failure to bind a gRPC service, this hints at potential configurations or network issues which are often first encountered at the service level where user requests originate."
cartservice_f1,1,cartservice,checkoutservice;currencyservice;frontend;recommendationservice;productcatalogservice;emailservice;paymentservice,"The stack trace indicates an issue related to a cart storage operation in the cart service, which is indirectly related to the checkout service since it likely handles cart operations during the checkout process. The error points to an overflow in value parsing, suggesting that the checkout service may be processing an invalid or oversized quantity value from a request made by the frontend, making it the most likely root cause."
cartservice_f1,2,cartservice,checkoutservice;productcatalogservice;currencyservice;emailservice;recommendationservice;frontend;paymentservice,"The 'checkoutservice' is most likely the root cause due to its function of placing orders and its direct involvement in communication with both the product catalog and payment services. The error message indicates an overflow exception when attempting to access cart storage, likely occurring during item addition or order processing when cart size exceeds the limit expected by the system, which is a critical operation handled by 'checkoutservice'."
cartservice_f1,3,cartservice,checkoutservice;frontend;currencyservice;paymentservice;productcatalogservice;recommendationservice;emailservice,"The most likely root cause is the 'checkoutservice' as it directly interacts with the cart storage and is implicated in the stack trace, which includes operations related to cart management. The 'System.OverflowException' points to an error in processing item quantities, which can originate from how the checkout flow handles cart data. Any overflow could be caused by invalid or excessive values being submitted at the checkout stage."
currencyservice_f1,1,currencyservice,checkoutservice;currencyservice;paymentservice;emailservice;productcatalogservice;recommendationservice;frontend,"The checkoutservice is the most likely root cause because it handles critical functions such as placing orders and interacts directly with multiple downstream services (payment, email, currency conversion, product catalog). If there’s an issue with the order placement process, it could lead to errors propagating to all these dependent services."
currencyservice_f1,2,currencyservice,checkoutservice;currencyservice;paymentservice;emailservice;productcatalogservice;recommendationservice;frontend,"The checkoutservice is likely the root cause because it is a central point of interaction in the flow of placing an order, involving multiple dependencies (like currency conversion and payment processing). Any failure at this stage directly affects the order process, making it the most probable source of issues in the trace."
currencyservice_f1,3,currencyservice,checkoutservice;currencyservice;paymentservice;emailservice;productcatalogservice;recommendationservice;frontend,"The checkoutservice is the most likely root cause because it is directly responsible for handling the PlaceOrder function, and if there are failures here, it would directly affect the flow of processing orders through the system which could lead to various downstream issues. Additionally, it has multiple outgoing dependencies (to paymentservice, emailservice, currencyservice) which could compound the problems if there's a failure or delay."
emailservice_f1,1,emailservice,emailservice;checkoutservice;frontend;recommendationservice;paymentservice;currencyservice;productcatalogservice,The top choice is 'emailservice' because the stacktrace indicates an error occurring during the addition of the health check service for the email server. This directly implicates the email service as a likely point of failure in the process.
emailservice_f1,2,emailservice,emailservice;checkoutservice;paymentservice;currencyservice;frontend;productcatalogservice;recommendationservice,"The top choice is 'emailservice' because the stack trace indicates a failure occurring during the process of incorporating the email service into the gRPC health check mechanism. If the email service is not healthy or properly configured, it will directly impact any outgoing calls to it and potentially halt the entire process, leading to failures in operations dependent on it, such as sending order confirmations."
emailservice_f1,3,emailservice,emailservice;paymentservice;frontend;checkoutservice;currencyservice;productcatalogservice;recommendationservice,"The top service ranked as 'emailservice' is most likely the root cause because the stack trace indicates a failure occurring in the email server when trying to add a health check service related to sending order confirmation emails. Since the CheckoutService is directly responsible for invoking the EmailService to send an order confirmation (in its outgoing dependencies), and the error is seen in the email component, it suggests that the problem originates from the EmailService. Other services depend on it for communication, making it the primary suspect."
emailservice_f2,1,emailservice,emailservice;checkoutservice;currencyservice;paymentservice;productcatalogservice;recommendationservice;frontend,"The stacktrace points to an issue within the 'emailservice' during execution, indicating that it is highly likely the root cause. The failure occurs when trying to register the health service for the email service, suggesting a problem (e.g., misconfiguration or missing data) within the email service itself."
emailservice_f2,2,emailservice,emailservice;checkoutservice;paymentservice;currencyservice;productcatalogservice;recommendationservice;frontend,"The top choice is 'emailservice' because the stack trace indicates an issue during the execution of the email service, specifically in the function where it attempts to add a health check service. This aligns directly with the error observed, suggesting that it's either misconfigured, not available, or experiencing issues that prevent it from functioning correctly."
emailservice_f2,3,emailservice,emailservice;checkoutservice;paymentservice;frontend;recommendationservice;currencyservice;productcatalogservice,"The most likely root cause is the emailservice, as the stack trace indicates an issue occurred within the email server during the process of sending an order confirmation. This suggests a problem with email service integration, making it the primary suspect in the failure."
emailservice_f3,1,emailservice,checkoutservice;currencyservice;paymentservice;emailservice;productcatalogservice;recommendationservice;frontend,"The most likely root cause is the 'checkoutservice' because it is responsible for processing orders and directly interacts with multiple services, including the 'currencyservice' to convert currencies, 'paymentservice' to charge payments, and 'emailservice' to send confirmations. Any failure here would have a cascading effect on the entire checkout process, leading to potential issues reflected in the stacktrace."
emailservice_f3,2,emailservice,checkoutservice;paymentservice;currencyservice;frontend;productcatalogservice;recommendationservice;emailservice,"The checkout service is the entry point for processing orders and is directly involved in interactions with other critical services like payment, currency conversion, and sending order confirmations. Any issues in the checkout service are likely to cascade and affect the payment service and currency service, making it the most probable root cause."
emailservice_f3,3,emailservice,checkoutservice;frontend;currencyservice;paymentservice;emailservice;productcatalogservice;recommendationservice,The most likely root cause is the 'checkoutservice' because it directly handles the central operation of placing orders and depends on multiple services (such as payment and email) to complete its workflow. Any issue in the checkout process would propagate errors to the frontend and thus affect overall user experience.
emailservice_f4,1,emailservice,checkoutservice;currencyservice;paymentservice;productcatalogservice;recommendationservice;emailservice;frontend,"The checkoutservice is the most likely root cause because it directly handles the order placement and interacts with critical services such as currencyservice (for conversion) and paymentservice (for charging). If there is an issue with the checkout process, it can affect downstream services and lead to failures in order processing."
emailservice_f4,2,emailservice,checkoutservice;currencyservice;paymentservice;emailservice;productcatalogservice;recommendationservice;frontend,"The checkoutservice is the most likely root cause as it is a central component that coordinates many critical interactions, including placing orders, converting currency, and further interactions with both the payment and email services. Any failure in the checkoutservice would propagate issues to the dependent services, causing broader system disruption."
emailservice_f4,3,emailservice,checkoutservice;currencyservice;paymentservice;productcatalogservice;emailservice;recommendationservice;frontend,"The checkoutservice is ranked as the most likely root cause because it is a central service handling the transaction flow, and any issues here would cascade to other services like email for confirmations, currency for conversions, and payment for processing charges. It directly connects with multiple critical downstream services."
emailservice_f5,1,emailservice,emailservice;checkoutservice;currencyservice;paymentservice;productcatalogservice;recommendationservice;frontend,"The exception raised in the stacktrace occurs in the email service, specifically indicating that handling for 'non-dummy mode' is not implemented. Since the email service is responsible for sending order confirmations from the checkout service, any issues or unhandled cases in the email service can directly affect its functionality. Thus, it is the most likely root cause."
emailservice_f5,2,emailservice,emailservice;checkoutservice;paymentservice;currencyservice;frontend;recommendationservice;productcatalogservice,"The top-ranked service is 'emailservice' because the stack trace indicates that an error occurs in the email_server.py during the process of sending an order confirmation email, which is executed by the checkoutservice when placing an order. Thus, the failure is directly related to the 'emailservice'."
emailservice_f5,3,emailservice,emailservice;checkoutservice;frontend;paymentservice;currencyservice;productcatalogservice;recommendationservice,"The stack trace indicates an exception raised in the email service due to an unimplemented feature ('non-dummy mode not implemented yet'). This suggests that the email service is at the core of the issue, as it is unable to complete its function of sending email confirmations, which points directly to it being a likely root cause of any failures related to order confirmations or notifications."
